repo_name,tag_name,architecture,os,size_in_MB,repo_star_count,repo_pull_count,last_updater_username,last_updated,days_since_update
docker-edgex-volume,latest,amd64,linux,45.42,4,672611,tylercox,2017-10-24T12:07:02.964046Z,1002
docker-edgex-volume,1.2.0,amd64,linux,25.49,4,672611,edgexci,2020-05-14T13:43:40.136321Z,69
docker-edgex-volume,1.1.0,amd64,linux,25.49,4,672611,mightynerderic,2019-11-18T22:23:24.466532Z,247
docker-edgex-volume,1.0.0,amd64,linux,27.52,4,672611,mightynerderic,2019-06-27T14:45:25.265633Z,391
docker-edgex-volume,0.8.0,amd64,linux,30.56,4,672611,edgexci,2018-11-16T03:03:04.119979Z,614
docker-edgex-volume,0.6.0,amd64,linux,29.82,4,672611,edgexci,2018-07-01T00:38:05.031691Z,752
docker-edgex-volume,0.2,amd64,linux,45.42,4,672611,edgexci,2017-10-20T21:49:17.252748Z,1006
docker-edgex-volume,rc,amd64,linux,44.73,4,672611,jpwhitetx,2017-05-27T04:30:49.160639Z,1152
docker-core-metadata-go,1.2.1,amd64,linux,6.66,2,668223,edgexci,2020-06-15T20:24:39.071336Z,37
docker-core-metadata-go,1.2.0,amd64,linux,6.66,2,668223,edgexci,2020-05-14T18:45:16.513742Z,69
docker-core-metadata-go,1.1.0,amd64,linux,9.29,2,668223,mightynerderic,2019-11-18T20:57:16.364393Z,247
docker-core-metadata-go,1.0.1,amd64,linux,8.11,2,668223,askb,2019-07-22T09:35:51.816006Z,366
docker-core-metadata-go,1.0.0,amd64,linux,8.11,2,668223,mightynerderic,2019-06-27T14:35:14.040656Z,391
docker-core-metadata-go,0.7.1,amd64,linux,3.47,2,668223,edgexci,2018-12-10T21:40:34.590088Z,590
docker-core-metadata-go,0.7.0,amd64,linux,3.38,2,668223,edgexci,2018-11-16T02:26:19.047031Z,614
docker-core-metadata-go,0.6.1,amd64,linux,3.25,2,668223,edgexci,2018-08-27T15:22:38.75236Z,695
docker-core-metadata-go,0.6.0,amd64,linux,3.25,2,668223,edgexci,2018-07-01T00:26:35.157297Z,752
docker-core-metadata-go,0.5.2,amd64,linux,3.25,2,668223,edgexci,2018-05-03T13:11:39.314363Z,811
docker-core-data-go,1.2.1,amd64,linux,10.38,2,653942,edgexci,2020-06-15T20:25:06.586963Z,37
docker-core-data-go,1.2.0,amd64,linux,10.39,2,653942,edgexci,2020-05-14T18:45:37.161708Z,69
docker-core-data-go,1.1.0,amd64,linux,12.09,2,653942,mightynerderic,2019-11-18T20:54:27.666498Z,247
docker-core-data-go,1.0.1,amd64,linux,11.09,2,653942,askb,2019-07-22T09:26:17.195838Z,366
docker-core-data-go,1.0.0,amd64,linux,11.09,2,653942,mightynerderic,2019-06-27T14:34:49.17363Z,391
docker-core-data-go,0.7.1,amd64,linux,5.96,2,653942,edgexci,2018-12-10T21:42:24.880013Z,590
docker-core-data-go,0.7.0,amd64,linux,5.88,2,653942,edgexci,2018-11-16T02:25:50.142361Z,614
docker-core-data-go,0.6.1,amd64,linux,5.86,2,653942,edgexci,2018-08-27T15:22:48.26659Z,695
docker-core-data-go,0.6.0,amd64,linux,5.82,2,653942,edgexci,2018-07-01T00:26:49.988927Z,752
docker-core-data-go,0.5.2,amd64,linux,5.81,2,653942,edgexci,2018-05-03T13:12:16.429407Z,811
docker-support-logging-go,latest,amd64,linux,3.13,2,640751,edgexci,2018-06-19T22:04:07.095036Z,764
docker-support-logging-go,1.2.1,amd64,linux,5.77,2,640751,edgexci,2020-06-15T20:25:46.650222Z,37
docker-support-logging-go,1.2.0,amd64,linux,5.76,2,640751,edgexci,2020-05-14T18:46:13.922714Z,69
docker-support-logging-go,1.1.0,amd64,linux,8.54,2,640751,mightynerderic,2019-11-18T23:38:06.989887Z,246
docker-support-logging-go,1.0.1,amd64,linux,7.49,2,640751,askb,2019-07-22T09:46:17.716337Z,366
docker-support-logging-go,1.0.0,amd64,linux,7.49,2,640751,mightynerderic,2019-06-27T14:35:55.986291Z,391
docker-support-logging-go,0.7.1,amd64,linux,3.22,2,640751,edgexci,2018-12-10T21:37:23.04941Z,590
docker-support-logging-go,0.7.0,amd64,linux,3.22,2,640751,edgexci,2018-11-16T03:05:21.732787Z,614
docker-support-logging-go,0.6.1,amd64,linux,3.13,2,640751,edgexci,2018-08-27T15:22:14.355816Z,695
docker-support-logging-go,0.6.0,amd64,linux,3.13,2,640751,edgexci,2018-07-01T00:25:48.026509Z,752
docker-support-logging-go,test,amd64,linux,2.8,2,640751,edgexci,2018-06-08T19:38:21.261077Z,775
docker-support-logging-go,0.5.2,amd64,linux,2.8,2,640751,edgexci,2018-05-03T13:11:14.190992Z,811
docker-edgex-mongo,latest,amd64,linux,125.99,5,638315,tylercox,2017-10-24T12:06:54.74439Z,1002
docker-edgex-mongo,1.2.0,amd64,linux,163.88,5,638315,edgexci,2020-05-14T13:44:35.55252Z,69
docker-edgex-mongo,1.1.0,amd64,linux,166.75,5,638315,mightynerderic,2019-11-18T22:05:10.896534Z,247
docker-edgex-mongo,1.0.1,amd64,linux,125.99,5,638315,mightynerderic,2019-07-26T14:21:57.050081Z,362
docker-edgex-mongo,1.0.0,amd64,linux,145.63,5,638315,mightynerderic,2019-06-27T14:44:28.649818Z,391
docker-edgex-mongo,0.8.0,amd64,linux,125.99,5,638315,edgexci,2018-11-16T02:57:40.704182Z,614
docker-edgex-mongo,0.6.0,amd64,linux,125.99,5,638315,edgexci,2018-07-01T00:37:28.196836Z,752
docker-edgex-mongo,0.2,amd64,linux,125.99,5,638315,edgexci,2017-10-20T21:48:36.829254Z,1006
docker-edgex-mongo,rc,amd64,linux,125.33,5,638315,tylercox,2017-09-14T14:58:55.555806Z,1042
docker-core-command-go,1.2.1,amd64,linux,6.11,2,637914,edgexci,2020-06-15T20:25:24.977407Z,37
docker-core-command-go,1.2.0,amd64,linux,6.11,2,637914,edgexci,2020-05-14T18:45:55.561082Z,69
docker-core-command-go,1.1.0,amd64,linux,8.79,2,637914,mightynerderic,2019-11-18T20:52:21.444325Z,247
docker-core-command-go,1.0.1,amd64,linux,6.59,2,637914,askb,2019-07-22T09:42:18.065959Z,366
docker-core-command-go,1.0.0,amd64,linux,6.59,2,637914,mightynerderic,2019-06-27T14:35:34.662295Z,391
docker-core-command-go,0.7.1,amd64,linux,2.79,2,637914,edgexci,2018-12-10T21:38:52.448837Z,590
docker-core-command-go,0.7.0,amd64,linux,2.79,2,637914,edgexci,2018-11-16T02:23:58.736393Z,614
docker-core-command-go,0.6.1,amd64,linux,2.71,2,637914,edgexci,2018-08-27T15:22:27.226724Z,695
docker-core-command-go,0.6.0,amd64,linux,2.71,2,637914,edgexci,2018-07-01T00:26:16.632718Z,752
docker-core-command-go,0.5.2,amd64,linux,2.69,2,637914,edgexci,2018-05-03T13:11:24.412945Z,811
docker-export-distro-go,1.1.0,amd64,linux,11.25,1,615207,mightynerderic,2019-11-18T22:23:01.399935Z,247
docker-export-distro-go,1.0.1,amd64,linux,10.34,1,615207,askb,2019-07-22T09:19:17.510715Z,366
docker-export-distro-go,1.0.0,amd64,linux,10.34,1,615207,mightynerderic,2019-06-27T14:34:26.108718Z,391
docker-export-distro-go,0.7.1,amd64,linux,5.97,1,615207,edgexci,2018-12-10T21:44:14.456066Z,590
docker-export-distro-go,0.7.0,amd64,linux,5.97,1,615207,edgexci,2018-11-16T03:04:51.510823Z,614
docker-export-distro-go,0.6.1,amd64,linux,5.93,1,615207,edgexci,2018-08-27T15:22:59.30474Z,695
docker-export-distro-go,0.6.0,amd64,linux,5.87,1,615207,edgexci,2018-07-01T00:27:04.500166Z,752
docker-export-distro-go,0.5.2,amd64,linux,5.79,1,615207,edgexci,2018-05-03T13:12:32.383917Z,811
docker-export-client-go,1.1.0,amd64,linux,8.77,1,603961,mightynerderic,2019-11-18T22:23:00.458113Z,247
docker-export-client-go,1.0.1,amd64,linux,7.75,1,603961,askb,2019-07-22T09:04:17.931316Z,366
docker-export-client-go,1.0.0,amd64,linux,7.75,1,603961,mightynerderic,2019-06-27T19:25:43.282512Z,391
docker-export-client-go,0.7.1,amd64,linux,3.0,1,603961,edgexci,2018-12-10T21:45:44.010865Z,590
docker-export-client-go,0.7.0,amd64,linux,2.97,1,603961,edgexci,2018-11-16T03:04:20.133267Z,614
docker-export-client-go,0.6.1,amd64,linux,2.94,1,603961,edgexci,2018-08-27T15:23:09.221878Z,695
docker-export-client-go,0.6.0,amd64,linux,2.94,1,603961,edgexci,2018-07-01T00:27:13.651376Z,752
docker-export-client-go,0.5.2,amd64,linux,2.93,1,603961,edgexci,2018-05-03T13:12:41.58783Z,811
docker-support-notifications,latest,amd64,linux,90.25,2,577065,tylercox,2017-10-24T12:06:45.841456Z,1002
docker-support-notifications,0.6.0,amd64,linux,90.86,2,577065,edgexci,2018-07-01T00:38:46.24698Z,752
docker-support-notifications,0.2,amd64,linux,90.25,2,577065,edgexci,2017-10-21T16:36:08.857134Z,1005
docker-support-notifications,rc,amd64,linux,68.42,2,577065,jpwhitetx,2017-05-27T04:46:36.945428Z,1152
docker-core-config-seed-go,1.1.0,amd64,linux,7.04,3,390172,mightynerderic,2019-11-18T20:53:24.303028Z,247
docker-core-config-seed-go,1.0.1,amd64,linux,6.25,3,390172,askb,2019-07-22T08:50:33.104541Z,366
docker-core-config-seed-go,1.0.0,amd64,linux,6.25,3,390172,mightynerderic,2019-06-27T19:25:20.971305Z,391
docker-core-config-seed-go,0.7.1,amd64,linux,75.76,3,390172,edgexci,2018-12-10T21:48:14.550546Z,590
docker-core-config-seed-go,0.7.0,amd64,linux,75.76,3,390172,edgexci,2018-11-16T02:24:48.257448Z,614
docker-core-config-seed-go,0.6.1,amd64,linux,15.82,3,390172,edgexci,2018-08-27T15:24:00.261667Z,695
docker-core-config-seed-go,0.6.0,amd64,linux,15.82,3,390172,edgexci,2018-07-01T00:39:00.335142Z,752
docker-core-config-seed-go,test,amd64,linux,15.72,3,390172,edgexci,2018-06-25T22:14:44.471136Z,758
docker-support-scheduler-go,1.2.1,amd64,linux,6.16,1,64090,edgexci,2020-06-15T20:26:26.222865Z,37
docker-support-scheduler-go,1.2.0,amd64,linux,6.16,1,64090,edgexci,2020-05-14T18:46:53.201207Z,69
docker-support-scheduler-go,1.1.0,amd64,linux,8.87,1,64090,mightynerderic,2019-11-18T23:39:35.097075Z,246
docker-support-scheduler-go,1.0.1,amd64,linux,7.83,1,64090,askb,2019-07-22T10:09:55.448936Z,366
docker-support-scheduler-go,1.0.0,amd64,linux,7.83,1,64090,mightynerderic,2019-06-27T14:36:59.037162Z,391
docker-support-scheduler-go,0.7.1,amd64,linux,2.79,1,64090,edgexci,2018-12-10T21:31:27.690682Z,590
docker-support-scheduler-go,0.7.0,amd64,linux,2.79,1,64090,edgexci,2018-11-16T03:08:59.200891Z,614
docker-support-notifications-go,1.2.1,amd64,linux,6.9,1,57400,edgexci,2020-06-15T20:26:07.29282Z,37
docker-support-notifications-go,1.2.0,amd64,linux,7.04,1,57400,edgexci,2020-05-14T18:46:34.477744Z,69
docker-support-notifications-go,1.1.0,amd64,linux,9.74,1,57400,mightynerderic,2019-11-18T23:38:50.616511Z,246
docker-support-notifications-go,1.0.1,amd64,linux,8.16,1,57400,askb,2019-07-22T09:55:50.356166Z,366
docker-support-notifications-go,1.0.0,amd64,linux,8.16,1,57400,mightynerderic,2019-06-27T14:36:19.008436Z,391
docker-support-notifications-go,0.7.1,amd64,linux,3.31,1,57400,edgexci,2018-12-10T21:35:45.91893Z,590
docker-support-notifications-go,0.7.0,amd64,linux,3.31,1,57400,edgexci,2018-11-16T03:05:48.20379Z,614
docker-support-notifications-go,0.6.1,amd64,linux,3.25,1,57400,edgexci,2018-08-27T15:22:04.74874Z,695
docker-device-virtual-go,1.2.2,amd64,linux,9.94,0,51220,edgexci,2020-07-09T00:39:27.984856Z,13
docker-device-virtual-go,1.2.1,amd64,linux,9.94,0,51220,edgexci,2020-06-15T20:24:43.960721Z,37
docker-device-virtual-go,1.2.0,amd64,linux,9.96,0,51220,edgexci,2020-05-13T22:00:55.435552Z,70
docker-device-virtual-go,1.1.1,amd64,linux,8.65,0,51220,edgexci,2019-12-18T18:53:29.892564Z,217
docker-device-virtual-go,1.1.0,amd64,linux,8.51,0,51220,mightynerderic,2019-11-18T21:50:34.477209Z,247
docker-device-virtual-go,1.0.0,amd64,linux,8.5,0,51220,mightynerderic,2019-06-27T14:54:00.179069Z,391
docker-support-rulesengine,latest,amd64,linux,110.82,2,41996,edgexci,2017-12-04T19:53:25.369929Z,961
docker-support-rulesengine,1.2.1,amd64,linux,109.77,2,41996,edgexci,2020-06-12T16:41:19.486081Z,40
docker-support-rulesengine,1.2.0,amd64,linux,109.77,2,41996,edgexci,2020-05-14T13:43:46.794603Z,69
docker-support-rulesengine,1.1.0,amd64,linux,109.77,2,41996,mightynerderic,2019-11-18T23:45:10.136975Z,246
docker-support-rulesengine,1.0.0,amd64,linux,111.55,2,41996,mightynerderic,2019-06-27T14:48:15.492481Z,391
docker-support-rulesengine,0.7.0,amd64,linux,111.48,2,41996,edgexci,2018-11-16T03:07:17.777334Z,614
docker-support-rulesengine,0.6.0,amd64,linux,111.43,2,41996,edgexci,2018-07-01T00:32:13.070596Z,752
docker-support-rulesengine,0.2.1,amd64,linux,110.82,2,41996,edgexci,2017-12-04T17:00:12.294192Z,961
docker-support-rulesengine,0.2,amd64,linux,110.82,2,41996,edgexci,2017-10-21T16:25:32.136081Z,1005
docker-support-rulesengine,rc,amd64,linux,88.99,2,41996,jpwhitetx,2017-05-27T04:52:42.158499Z,1152
docker-edgex-ui-go,1.2.1,amd64,linux,9.56,1,20694,edgexci,2020-06-12T22:11:34.492158Z,40
docker-edgex-ui-go,1.2.0,amd64,linux,9.65,1,20694,edgexci,2020-05-14T13:43:31.445221Z,69
docker-edgex-ui-go,1.1.0,amd64,linux,8.79,1,20694,mightynerderic,2019-11-18T22:20:55.754475Z,247
docker-edgex-ui-go,1.0.0,amd64,linux,8.79,1,20694,mightynerderic,2019-06-27T14:59:10.333084Z,391
docker-edgex-ui-go,0.1.1,amd64,linux,10.58,1,20694,edgexci,2018-11-16T02:59:31.280439Z,614
docker-sys-mgmt-agent-go,1.2.1,amd64,linux,88.89,0,20289,edgexci,2020-06-15T20:26:57.553175Z,37
docker-sys-mgmt-agent-go,1.2.0,amd64,linux,92.06,0,20289,edgexci,2020-05-14T18:47:21.333569Z,69
docker-sys-mgmt-agent-go,1.1.0,amd64,linux,91.21,0,20289,mightynerderic,2019-11-19T00:37:19.410619Z,246
docker-sys-mgmt-agent-go,1.0.1,amd64,linux,94.38,0,20289,mightynerderic,2019-07-26T14:09:10.936274Z,362
docker-support-scheduler,latest,amd64,linux,96.9,2,14949,edgexci,2017-12-04T19:51:22.365086Z,961
docker-support-scheduler,0.6.0,amd64,linux,97.51,2,14949,edgexci,2018-07-01T00:35:00.04661Z,752
docker-support-scheduler,0.2.1,amd64,linux,96.9,2,14949,edgexci,2017-12-04T16:28:45.841161Z,961
docker-support-scheduler,0.2,amd64,linux,96.9,2,14949,edgexci,2017-10-21T16:26:37.368722Z,1005
docker-support-scheduler,rc,amd64,linux,75.12,2,14949,tylercox,2017-06-15T17:27:56.23513Z,1133
docker-device-virtual,latest,amd64,linux,115.94,4,13359,edgexci,2017-12-04T19:53:40.09469Z,961
docker-device-virtual,0.5.0,amd64,linux,116.6,4,13359,edgexci,2018-11-16T02:56:09.998981Z,614
docker-device-virtual,0.6.0,amd64,linux,116.55,4,13359,edgexci,2018-07-01T00:33:11.445217Z,752
docker-device-virtual,0.2.1,amd64,linux,115.94,4,13359,edgexci,2017-12-04T17:04:30.372514Z,961
docker-device-virtual,0.2,amd64,linux,115.94,4,13359,edgexci,2017-10-21T16:32:29.576087Z,1005
docker-device-virtual,rc,amd64,linux,94.54,4,13359,tylercox,2017-08-02T19:25:06.251487Z,1085
docker-core-data,0.2.1,amd64,linux,104.3,3,12574,edgexci,2017-12-04T16:56:07.224598Z,961
docker-core-data,0.2,amd64,linux,104.29,3,12574,edgexci,2017-10-21T16:20:12.031959Z,1005
docker-core-data,rc,amd64,linux,82.89,3,12574,jpwhitetx,2017-06-09T15:57:55.159223Z,1139
docker-core-metadata,0.2.1,amd64,linux,100.17,4,12495,edgexci,2017-12-04T17:15:16.700116Z,961
docker-core-metadata,0.2,amd64,linux,100.17,4,12495,edgexci,2017-10-21T16:15:52.52064Z,1005
docker-core-metadata,rc,amd64,linux,78.35,4,12495,jpwhitetx,2017-05-27T04:53:28.127531Z,1152
docker-support-logging,0.2.1,amd64,linux,82.48,2,11720,edgexci,2017-12-04T16:36:21.083116Z,961
docker-support-logging,0.2,amd64,linux,82.47,2,11720,edgexci,2017-10-21T16:35:08.508088Z,1005
docker-support-logging,rc,amd64,linux,69.42,2,11720,tylercox,2017-08-01T18:42:52.970594Z,1086
docker-core-data-go-arm64,1.2.1,arm64,linux,9.74,1,11519,edgexci,2020-06-15T20:25:15.987396Z,37
docker-core-data-go-arm64,1.2.0,arm64,linux,9.76,1,11519,edgexci,2020-05-14T18:45:46.266126Z,69
docker-core-data-go-arm64,1.1.0,arm64,linux,11.36,1,11519,mightynerderic,2019-11-18T20:59:45.03539Z,247
docker-core-data-go-arm64,1.0.1,arm64,linux,10.38,1,11519,askb,2019-07-22T10:37:06.598998Z,366
docker-core-data-go-arm64,1.0.0,arm64,linux,10.38,1,11519,mightynerderic,2019-06-27T14:38:38.903488Z,391
docker-core-data-go-arm64,0.7.1,arm64,linux,5.52,1,11519,edgexci,2018-12-10T21:26:47.045967Z,590
docker-core-data-go-arm64,0.7.0,arm64,linux,5.45,1,11519,edgexci,2018-11-16T02:26:04.481692Z,614
docker-core-data-go-arm64,0.6.1,arm64,linux,5.42,1,11519,edgexci,2018-08-27T15:21:29.202663Z,695
docker-core-metadata-go-arm64,1.2.1,arm64,linux,6.22,1,11451,edgexci,2020-06-15T20:24:55.250535Z,37
docker-core-metadata-go-arm64,1.2.0,arm64,linux,6.22,1,11451,edgexci,2020-05-14T18:45:25.910058Z,69
docker-core-metadata-go-arm64,1.1.0,arm64,linux,8.7,1,11451,mightynerderic,2019-11-18T20:59:23.921398Z,247
docker-core-metadata-go-arm64,1.0.1,arm64,linux,7.54,1,11451,askb,2019-07-22T11:19:55.343605Z,366
docker-core-metadata-go-arm64,1.0.0,arm64,linux,7.54,1,11451,mightynerderic,2019-06-27T14:39:01.226744Z,391
docker-core-metadata-go-arm64,0.7.1,arm64,linux,3.17,1,11451,edgexci,2018-12-10T21:24:57.733635Z,590
docker-core-metadata-go-arm64,0.7.0,arm64,linux,3.09,1,11451,edgexci,2018-11-16T02:26:32.470341Z,614
docker-core-metadata-go-arm64,0.6.1,arm64,linux,2.97,1,11451,edgexci,2018-08-27T15:21:20.939576Z,695
docker-core-command-go-arm64,1.2.1,arm64,linux,5.71,1,11409,edgexci,2020-06-15T20:25:35.791931Z,37
docker-core-command-go-arm64,1.2.0,arm64,linux,5.71,1,11409,edgexci,2020-05-14T18:46:04.938459Z,69
docker-core-command-go-arm64,1.1.0,arm64,linux,8.24,1,11409,mightynerderic,2019-11-18T20:53:56.719617Z,247
docker-core-command-go-arm64,1.0.1,arm64,linux,6.14,1,11409,askb,2019-07-22T11:28:33.614651Z,366
docker-core-command-go-arm64,1.0.0,arm64,linux,6.14,1,11409,mightynerderic,2019-06-27T14:39:20.6902Z,391
docker-core-command-go-arm64,0.7.1,arm64,linux,2.55,1,11409,edgexci,2018-12-10T21:23:24.655851Z,590
docker-core-command-go-arm64,0.7.0,arm64,linux,2.55,1,11409,edgexci,2018-11-16T02:24:11.0517Z,614
docker-core-command-go-arm64,0.6.1,arm64,linux,2.48,1,11409,edgexci,2018-08-27T15:21:12.496904Z,695
docker-edgex-mongo-arm64,1.2.0,arm64,linux,153.9,1,11397,edgexci,2020-05-14T13:45:35.492747Z,69
docker-edgex-mongo-arm64,1.1.0,arm64,linux,85.0,1,11397,mightynerderic,2019-11-18T22:11:14.753552Z,247
docker-edgex-mongo-arm64,1.0.1,arm64,linux,69.76,1,11397,mightynerderic,2019-07-26T14:08:55.162479Z,362
docker-edgex-mongo-arm64,1.0.0,arm64,linux,78.33,1,11397,mightynerderic,2019-06-27T14:50:27.089341Z,391
docker-edgex-mongo-arm64,0.8.0,arm64,linux,69.37,1,11397,edgexci,2018-11-16T02:58:39.491016Z,614
docker-support-logging-go-arm64,1.2.1,arm64,linux,5.42,1,11063,edgexci,2020-06-15T20:25:55.055241Z,37
docker-support-logging-go-arm64,1.2.0,arm64,linux,5.42,1,11063,edgexci,2020-05-14T18:46:22.835184Z,69
docker-support-logging-go-arm64,1.1.0,arm64,linux,8.03,1,11063,mightynerderic,2019-11-19T00:17:12.236049Z,246
docker-support-logging-go-arm64,1.0.1,arm64,linux,7.0,1,11063,askb,2019-07-22T12:16:49.239621Z,366
docker-support-logging-go-arm64,1.0.0,arm64,linux,7.0,1,11063,mightynerderic,2019-06-27T14:39:41.403903Z,391
docker-support-logging-go-arm64,0.7.1,arm64,linux,2.95,1,11063,edgexci,2018-12-10T21:21:54.913379Z,590
docker-support-logging-go-arm64,0.7.0,arm64,linux,2.95,1,11063,edgexci,2018-11-16T03:05:35.605705Z,614
docker-support-logging-go-arm64,0.6.1,arm64,linux,2.87,1,11063,edgexci,2018-08-27T15:21:02.77895Z,695
docker-support-notifications-go-arm64,1.2.1,arm64,linux,6.51,1,10796,edgexci,2020-06-15T20:26:16.213906Z,37
docker-support-notifications-go-arm64,1.2.0,arm64,linux,6.66,1,10796,edgexci,2020-05-14T18:46:44.610084Z,69
docker-support-notifications-go-arm64,1.1.0,arm64,linux,9.19,1,10796,mightynerderic,2019-11-19T00:17:42.357023Z,246
docker-support-notifications-go-arm64,1.0.1,arm64,linux,7.61,1,10796,askb,2019-07-22T13:02:37.150032Z,366
docker-support-notifications-go-arm64,1.0.0,arm64,linux,7.61,1,10796,mightynerderic,2019-06-27T14:40:02.91595Z,391
docker-support-notifications-go-arm64,0.7.1,arm64,linux,3.04,1,10796,edgexci,2018-12-10T21:20:27.530564Z,590
docker-support-notifications-go-arm64,0.7.0,arm64,linux,3.04,1,10796,edgexci,2018-11-16T03:06:01.084468Z,614
docker-support-notifications-go-arm64,0.6.1,arm64,linux,2.97,1,10796,edgexci,2018-08-27T15:20:52.969459Z,695
docker-support-scheduler-go-arm64,1.2.1,arm64,linux,5.76,1,10583,edgexci,2020-06-15T20:26:35.082756Z,37
docker-support-scheduler-go-arm64,1.2.0,arm64,linux,5.76,1,10583,edgexci,2020-05-14T18:47:02.042191Z,69
docker-support-scheduler-go-arm64,1.1.0,arm64,linux,8.31,1,10583,mightynerderic,2019-11-19T00:18:50.895167Z,246
docker-support-scheduler-go-arm64,1.0.1,arm64,linux,7.29,1,10583,askb,2019-07-22T23:13:00.237775Z,366
docker-support-scheduler-go-arm64,1.0.0,arm64,linux,7.29,1,10583,mightynerderic,2019-06-27T14:40:38.818692Z,391
docker-support-scheduler-go-arm64,0.7.1,arm64,linux,2.55,1,10583,edgexci,2018-12-10T21:18:56.889052Z,590
docker-support-scheduler-go-arm64,0.7.0,arm64,linux,2.55,1,10583,edgexci,2018-11-16T03:09:13.759977Z,614
docker-core-command,0.2.1,amd64,linux,95.36,4,10489,edgexci,2017-12-04T17:18:48.811419Z,961
docker-core-command,0.2,amd64,linux,95.36,4,10489,edgexci,2017-10-21T16:31:33.438258Z,1005
docker-core-command,rc,amd64,linux,73.53,4,10489,jpwhitetx,2017-05-27T04:59:08.225052Z,1152
docker-export-client-go-arm64,1.1.0,arm64,linux,8.22,1,10394,mightynerderic,2019-11-18T22:55:33.952235Z,247
docker-export-client-go-arm64,1.0.1,arm64,linux,7.21,1,10394,askb,2019-07-22T10:20:40.036833Z,366
docker-export-client-go-arm64,1.0.0,arm64,linux,7.21,1,10394,mightynerderic,2019-06-27T14:37:52.229064Z,391
docker-export-client-go-arm64,0.7.1,arm64,linux,2.75,1,10394,edgexci,2018-12-10T21:29:59.966979Z,590
docker-export-client-go-arm64,0.7.0,arm64,linux,2.72,1,10394,edgexci,2018-11-16T03:04:35.624941Z,614
docker-export-client-go-arm64,0.6.1,arm64,linux,2.69,1,10394,edgexci,2018-08-27T15:21:50.038325Z,695
docker-core-config-seed-go-arm64,1.1.0,arm64,linux,6.6,1,10302,mightynerderic,2019-11-18T20:54:43.534252Z,247
docker-core-config-seed-go-arm64,1.0.1,arm64,linux,5.83,1,10302,askb,2019-07-22T10:16:35.141512Z,366
docker-core-config-seed-go-arm64,1.0.0,arm64,linux,5.83,1,10302,mightynerderic,2019-06-27T14:37:30.538615Z,391
docker-core-config-seed-go-arm64,0.7.1,arm64,linux,71.85,1,10302,edgexci,2018-12-10T21:33:55.702767Z,590
docker-core-config-seed-go-arm64,0.7.0,arm64,linux,71.85,1,10302,edgexci,2018-11-16T02:25:37.486539Z,614
docker-core-config-seed-go-arm64,0.6.1,arm64,linux,43.21,1,10302,edgexci,2018-08-27T15:23:45.948075Z,695
docker-support-rulesengine-arm64,1.2.1,arm64,linux,108.65,1,9364,edgexci,2020-06-12T16:42:01.612012Z,40
docker-support-rulesengine-arm64,1.2.0,arm64,linux,108.65,1,9364,edgexci,2020-05-14T13:44:31.068625Z,69
docker-support-rulesengine-arm64,1.1.0,arm64,linux,108.65,1,9364,mightynerderic,2019-11-19T00:23:10.27228Z,246
docker-support-rulesengine-arm64,1.0.0,arm64,linux,110.16,1,9364,mightynerderic,2019-06-27T14:53:37.336286Z,391
docker-support-rulesengine-arm64,0.7.0,arm64,linux,110.12,1,9364,edgexci,2018-11-16T03:08:44.964789Z,614
docker-edgex-ui-go-arm64,1.2.1,arm64,linux,9.12,1,9247,edgexci,2020-06-12T22:11:46.020397Z,40
docker-edgex-ui-go-arm64,1.2.0,arm64,linux,9.21,1,9247,edgexci,2020-05-14T13:44:05.498061Z,69
docker-edgex-ui-go-arm64,1.1.0,arm64,linux,8.31,1,9247,mightynerderic,2019-11-18T22:23:16.358616Z,247
docker-edgex-ui-go-arm64,1.0.0,arm64,linux,8.31,1,9247,mightynerderic,2019-06-27T14:59:35.459254Z,391
docker-edgex-ui-go-arm64,0.1.1,arm64,linux,10.21,1,9247,edgexci,2018-11-16T03:00:00.108292Z,614
docker-app-service-configurable,1.2.0,amd64,linux,12.72,0,8740,edgexci,2020-06-15T20:24:33.815335Z,37
docker-app-service-configurable,1.1.0,amd64,linux,12.75,0,8740,edgexci,2020-05-14T13:40:24.390172Z,69
docker-app-service-configurable,1.0.0,amd64,linux,13.37,0,8740,mightynerderic,2019-11-18T20:52:01.615358Z,247
docker-export-distro-go-arm64,1.1.0,arm64,linux,10.59,1,8442,mightynerderic,2019-11-18T22:55:43.626129Z,247
docker-export-distro-go-arm64,1.0.1,arm64,linux,9.7,1,8442,askb,2019-07-22T10:29:24.192443Z,366
docker-export-distro-go-arm64,1.0.0,arm64,linux,9.7,1,8442,mightynerderic,2019-06-27T14:38:16.770198Z,391
docker-export-distro-go-arm64,0.7.1,arm64,linux,5.54,1,8442,edgexci,2018-12-10T21:28:28.618089Z,590
docker-export-distro-go-arm64,0.7.0,arm64,linux,5.54,1,8442,edgexci,2018-11-16T03:05:06.866924Z,614
docker-export-distro-go-arm64,0.6.1,arm64,linux,5.49,1,8442,edgexci,2018-08-27T15:21:39.84834Z,695
docker-device-random-go,1.2.1,amd64,linux,8.15,0,7697,edgexci,2020-06-15T20:24:34.784033Z,37
docker-device-random-go,1.2.0,amd64,linux,8.16,0,7697,edgexci,2020-05-13T22:00:56.621591Z,70
docker-device-random-go,1.1.1,amd64,linux,7.07,0,7697,edgexci,2019-12-18T18:52:10.857628Z,217
docker-device-random-go,1.1.0,amd64,linux,6.93,0,7697,mightynerderic,2019-11-18T21:02:49.608513Z,247
docker-device-random-go,1.0.0,amd64,linux,6.92,0,7697,mightynerderic,2019-06-27T14:54:20.887584Z,391
docker-device-random-go,0.7.1,amd64,linux,4.48,0,7697,edgexci,2018-12-10T21:16:34.520762Z,590
docker-export-distro,0.2.1,amd64,linux,102.6,3,7538,edgexci,2017-12-04T16:33:03.782706Z,961
docker-export-distro,0.2,amd64,linux,102.59,3,7538,edgexci,2017-10-21T16:21:22.163785Z,1005
docker-export-distro,rc,amd64,linux,81.09,3,7538,jpwhitetx,2017-06-09T15:58:39.167708Z,1139
docker-edgex-consul,1.2.0,amd64,linux,52.48,0,6917,edgexci,2020-05-14T13:44:05.517956Z,69
docker-edgex-consul,1.1.0,amd64,linux,41.08,0,6917,mightynerderic,2019-11-18T21:55:52.042286Z,247
docker-device-virtual-arm64,0.5.0,arm64,linux,115.24,1,6705,edgexci,2018-11-16T02:57:29.571004Z,614
docker-edgex-vault,1.0.0,amd64,linux,39.45,1,5525,mightynerderic,2019-06-27T14:56:24.843326Z,391
docker-edgex-vault,0.2.0,amd64,linux,24.25,1,5525,edgexci,2018-11-16T03:00:20.477874Z,614
docker-edgex-proxy-go,1.0.0,amd64,linux,6.36,1,5273,mightynerderic,2019-06-27T14:57:06.136678Z,391
docker-edgex-proxy-go,0.2.0,amd64,linux,4.42,1,5273,edgexci,2018-11-16T02:58:53.632676Z,614
docker-edgex-proxy-go,0.1.1,amd64,linux,4.3,1,5273,edgexci,2018-09-26T16:11:52.613641Z,665
docker-edgex-proxy-go,0.1.0,amd64,linux,4.26,1,5273,edgexci,2018-07-01T00:35:15.734759Z,752
docker-device-mqtt-go,1.2.1,amd64,linux,9.89,0,5257,edgexci,2020-06-15T20:24:37.293646Z,37
docker-device-mqtt-go,1.2.0,amd64,linux,9.9,0,5257,edgexci,2020-05-13T22:00:59.401108Z,70
docker-device-mqtt-go,1.1.1,amd64,linux,7.53,0,5257,edgexci,2019-12-18T18:50:43.963368Z,217
docker-device-mqtt-go,1.1.0,amd64,linux,7.39,0,5257,mightynerderic,2019-11-18T21:02:37.974938Z,247
docker-device-mqtt-go,1.0.0,amd64,linux,7.38,0,5257,mightynerderic,2019-06-27T14:59:56.292215Z,391
docker-device-mqtt-go,0.7.1,amd64,linux,4.69,0,5257,edgexci,2018-12-10T21:14:58.317713Z,590
docker-edgex-vault-worker-go,1.0.0,amd64,linux,7.74,1,5239,mightynerderic,2019-06-27T14:56:46.412458Z,391
docker-edgex-vault-worker-go,0.2.0,amd64,linux,5.06,1,5239,edgexci,2018-11-16T03:01:24.309151Z,614
docker-edgex-security-secretstore-setup-go,1.2.1,amd64,linux,16.65,0,5040,edgexci,2020-06-15T20:28:33.948991Z,37
docker-edgex-security-secretstore-setup-go,1.2.0,amd64,linux,16.65,0,5040,edgexci,2020-05-14T18:48:42.94297Z,69
docker-edgex-security-secretstore-setup-go,1.1.0,amd64,linux,9.73,0,5040,mightynerderic,2019-11-18T22:07:53.760795Z,247
docker-core-config-seed,latest,amd64,linux,66.91,5,4999,edgexci,2017-12-04T19:53:58.090211Z,961
docker-core-config-seed,0.2.1,amd64,linux,66.91,5,4999,edgexci,2017-12-04T17:04:52.762308Z,961
docker-core-config-seed,0.2,amd64,linux,28.51,5,4999,edgexci,2017-10-21T16:17:01.933Z,1005
docker-core-config-seed,rc,amd64,linux,70.95,5,4999,tylercox,2017-09-13T22:23:31.076197Z,1043
docker-core-consul,latest,amd64,linux,12.28,5,4704,jpwhitetx,2017-05-27T04:35:35.575351Z,1152
docker-core-consul,rc,amd64,linux,12.28,5,4704,jpwhitetx,2017-05-27T04:35:36.615756Z,1152
docker-edgex-volume-arm64,1.2.0,arm64,linux,22.66,1,4658,edgexci,2020-05-14T13:44:16.654465Z,69
docker-edgex-volume-arm64,1.1.0,arm64,linux,34.14,1,4658,mightynerderic,2019-11-18T22:55:06.661904Z,247
docker-edgex-volume-arm64,1.0.0,arm64,linux,34.14,1,4658,mightynerderic,2019-06-27T14:50:46.998364Z,391
docker-edgex-volume-arm64,0.8.0,arm64,linux,34.14,1,4658,edgexci,2018-11-16T03:04:04.51609Z,614
docker-edgex-secret-store-go,1.1.0,amd64,linux,50.53,0,4622,mightynerderic,2019-11-18T22:01:35.498632Z,247
docker-edgex-security-proxy-setup-go,1.2.1,amd64,linux,8.0,0,3836,edgexci,2020-06-15T20:27:52.32001Z,37
docker-edgex-security-proxy-setup-go,1.2.0,amd64,linux,8.03,0,3836,edgexci,2020-05-14T18:48:18.577338Z,69
docker-edgex-security-proxy-setup-go,1.1.0,amd64,linux,9.69,0,3836,mightynerderic,2019-11-18T22:01:54.742183Z,247
docker-export-client,0.2.1,amd64,linux,99.55,2,3412,edgexci,2017-12-04T16:18:49.777908Z,961
docker-export-client,0.2,amd64,linux,99.55,2,3412,edgexci,2017-10-21T16:36:56.870283Z,1005
docker-export-client,rc,amd64,linux,77.72,2,3412,jpwhitetx,2017-05-27T04:58:07.431182Z,1152
docker-device-modbus-go,1.2.1,amd64,linux,5.56,0,3121,edgexci,2020-06-15T20:24:31.620599Z,37
docker-device-modbus-go,1.2.0,amd64,linux,5.56,0,3121,edgexci,2020-05-13T22:00:53.625382Z,70
docker-device-modbus-go,1.1.1,amd64,linux,7.14,0,3121,edgexci,2019-12-18T18:48:04.828476Z,217
docker-device-modbus-go,1.1.0,amd64,linux,7.0,0,3121,mightynerderic,2019-11-18T21:02:00.935068Z,247
docker-device-modbus-go,1.0.0,amd64,linux,6.99,0,3121,mightynerderic,2019-06-27T15:00:42.385709Z,391
docker-device-modbus-go,0.7.1,amd64,linux,4.54,0,3121,edgexci,2018-12-10T21:10:05.336418Z,590
docker-sys-mgmt-agent-go-arm64,1.2.1,arm64,linux,82.14,0,2893,edgexci,2020-06-15T20:27:18.099897Z,37
docker-sys-mgmt-agent-go-arm64,1.2.0,arm64,linux,85.16,0,2893,edgexci,2020-05-14T18:47:45.180996Z,69
docker-sys-mgmt-agent-go-arm64,1.1.0,arm64,linux,84.16,0,2893,mightynerderic,2019-11-19T02:36:52.019323Z,246
docker-sys-mgmt-agent-go-arm64,1.0.1,arm64,linux,87.06,0,2893,mightynerderic,2019-07-26T14:22:02.951083Z,362
docker-sys-mgmt-agent-go-arm64,1.0.0,arm64,linux,4.34,0,2893,mightynerderic,2019-06-27T14:40:17.781516Z,391
docker-device-rest-go,1.1.1,amd64,linux,9.44,0,1113,edgexci,2020-06-15T20:24:40.211902Z,37
docker-device-rest-go,1.1.0,amd64,linux,9.45,0,1113,edgexci,2020-05-13T22:00:53.854509Z,70
docker-device-rest-go,1.0.0,amd64,linux,10.6,0,1113,bthuree,2020-02-21T02:39:22.876143Z,152
docker-device-virtual-go-arm64,1.2.2,arm64,linux,9.37,0,1064,edgexci,2020-07-09T00:39:38.013742Z,13
docker-device-virtual-go-arm64,1.2.1,arm64,linux,9.37,0,1064,edgexci,2020-06-15T20:25:00.212141Z,37
docker-device-virtual-go-arm64,1.2.0,arm64,linux,9.38,0,1064,edgexci,2020-05-13T22:01:10.937514Z,70
docker-device-virtual-go-arm64,1.1.1,arm64,linux,8.05,0,1064,edgexci,2019-12-18T18:53:48.942221Z,217
docker-device-virtual-go-arm64,1.1.0,arm64,linux,7.92,0,1064,mightynerderic,2019-11-18T21:53:50.98312Z,247
docker-device-virtual-go-arm64,1.0.0,arm64,linux,7.92,0,1064,mightynerderic,2019-06-27T14:54:44.716676Z,391
docker-edgex-mongo-seed,latest,amd64,linux,125.83,1,1024,jpwhitetx,2017-05-27T04:40:57.067075Z,1152
docker-edgex-mongo-seed,rc,amd64,linux,125.83,1,1024,jpwhitetx,2017-05-27T04:40:58.136549Z,1152
docker-edgex-consul-arm64,1.2.0,arm64,linux,49.85,0,817,edgexci,2020-05-14T13:44:56.227859Z,69
docker-edgex-consul-arm64,1.1.0,arm64,linux,38.84,0,817,mightynerderic,2019-11-18T22:04:20.498152Z,247
docker-app-service-configurable-arm64,1.2.0,arm64,linux,11.91,0,693,edgexci,2020-06-15T20:24:48.730577Z,37
docker-app-service-configurable-arm64,1.1.0,arm64,linux,11.94,0,693,edgexci,2020-05-14T13:41:06.763885Z,69
docker-app-service-configurable-arm64,1.0.0,arm64,linux,12.57,0,693,mightynerderic,2019-11-18T20:53:58.68185Z,247
docker-device-modbus,latest,amd64,linux,103.34,1,675,edgexci,2017-12-04T19:51:07.748898Z,961
docker-device-modbus,0.5.0,amd64,linux,103.99,1,675,edgexci,2018-11-16T02:51:34.550692Z,614
docker-device-modbus,0.6.0,amd64,linux,103.95,1,675,edgexci,2018-07-01T00:36:08.902205Z,752
docker-device-modbus,0.2.1,amd64,linux,103.34,1,675,edgexci,2017-12-04T16:22:41.487989Z,961
docker-device-modbus,0.2,amd64,linux,103.34,1,675,edgexci,2017-10-21T16:23:22.161942Z,1005
docker-device-modbus,rc,amd64,linux,103.81,1,675,tylercox,2017-09-14T14:49:18.597824Z,1042
docker-device-random-go-arm64,1.2.1,arm64,linux,7.7,0,563,edgexci,2020-06-15T20:24:51.684145Z,37
docker-device-random-go-arm64,1.2.0,arm64,linux,7.72,0,563,edgexci,2020-05-13T22:01:13.018417Z,70
docker-device-random-go-arm64,1.1.1,arm64,linux,6.58,0,563,edgexci,2019-12-18T18:51:54.305562Z,217
docker-device-random-go-arm64,1.1.0,arm64,linux,6.45,0,563,mightynerderic,2019-11-18T21:49:14.281856Z,247
docker-device-random-go-arm64,1.0.0,arm64,linux,6.45,0,563,mightynerderic,2019-06-27T14:55:10.766679Z,391
docker-device-random-go-arm64,0.7.1,arm64,linux,4.17,0,563,edgexci,2018-12-10T21:28:27.096213Z,590
docker-edgex-secrets-setup-go,1.2.1,amd64,linux,12.28,0,535,edgexci,2020-06-15T20:27:30.855574Z,37
docker-edgex-secrets-setup-go,1.2.0,amd64,linux,12.33,0,535,edgexci,2020-05-14T18:47:57.786952Z,69
docker-device-bluetooth,latest,amd64,linux,173.43,1,479,edgexci,2017-12-04T19:52:28.497711Z,961
docker-device-bluetooth,0.5.0,amd64,linux,176.97,1,479,edgexci,2018-11-16T02:48:41.256179Z,614
docker-device-bluetooth,0.6.0,amd64,linux,176.62,1,479,edgexci,2018-07-01T00:28:29.280469Z,752
docker-device-bluetooth,0.2.1,amd64,linux,173.43,1,479,edgexci,2017-12-04T16:47:22.50757Z,961
docker-device-bluetooth,0.2,amd64,linux,174.15,1,479,edgexci,2017-10-21T16:24:37.514818Z,1005
docker-device-bluetooth,rc,amd64,linux,175.96,1,479,tylercox,2017-09-14T14:49:02.525188Z,1042
docker-device-mqtt,latest,amd64,linux,103.11,0,456,edgexci,2017-12-04T19:52:43.777709Z,961
docker-device-mqtt,0.5.0,amd64,linux,103.76,0,456,edgexci,2018-11-16T02:53:42.315469Z,614
docker-device-mqtt,0.6.0,amd64,linux,103.72,0,456,edgexci,2018-07-01T00:36:56.017482Z,752
docker-device-mqtt,0.2.1,amd64,linux,103.11,0,456,edgexci,2017-12-04T16:51:52.144909Z,961
docker-device-mqtt,0.2,amd64,linux,103.11,0,456,edgexci,2017-10-21T16:33:45.414701Z,1005
docker-device-mqtt,rc,amd64,linux,103.6,0,456,tylercox,2017-09-14T14:49:32.898117Z,1042
docker-device-grove-c-arm64,1.2.0,arm64,linux,7.2,0,443,edgexci,2020-07-13T19:18:42.762013Z,9
docker-device-grove-c-arm64,1.1.0,arm64,linux,7.08,0,443,mightynerderic,2019-11-18T20:59:03.476312Z,247
docker-device-grove-c-arm64,1.0.1,arm64,linux,7.05,0,443,mightynerderic,2019-06-27T16:56:37.121729Z,391
docker-device-grove-c-arm64,1.0.0,arm64,linux,12.65,0,443,mightynerderic,2019-06-27T14:55:18.153415Z,391
docker-device-snmp-go,1.2.1,amd64,linux,8.24,0,377,edgexci,2020-06-15T20:24:37.782919Z,37
docker-device-snmp-go,1.2.0,amd64,linux,8.26,0,377,edgexci,2020-05-13T22:00:51.818081Z,70
docker-device-snmp-go,1.1.1,amd64,linux,7.17,0,377,edgexci,2019-12-18T18:52:30.373563Z,217
docker-device-snmp-go,1.1.0,amd64,linux,7.03,0,377,mightynerderic,2019-11-18T21:50:10.839893Z,247
docker-device-snmp-go,1.0.0,amd64,linux,7.02,0,377,mightynerderic,2019-06-27T16:57:00.271527Z,391
docker-device-modbus-go-arm64,1.2.1,arm64,linux,5.19,0,367,edgexci,2020-06-15T20:24:45.819352Z,37
docker-device-modbus-go-arm64,1.2.0,arm64,linux,5.19,0,367,edgexci,2020-05-13T22:01:08.002349Z,70
docker-device-modbus-go-arm64,1.1.1,arm64,linux,6.65,0,367,edgexci,2019-12-18T18:50:08.883016Z,217
docker-device-modbus-go-arm64,1.1.0,arm64,linux,6.52,0,367,mightynerderic,2019-11-18T21:49:51.803796Z,247
docker-device-modbus-go-arm64,1.0.0,arm64,linux,6.51,0,367,mightynerderic,2019-06-27T15:01:03.839807Z,391
docker-device-modbus-go-arm64,0.7.1,arm64,linux,4.23,0,367,edgexci,2018-12-10T21:11:42.563807Z,590
docker-device-mqtt-go-arm64,1.2.1,arm64,linux,9.32,0,342,edgexci,2020-06-15T20:24:53.234736Z,37
docker-device-mqtt-go-arm64,1.2.0,arm64,linux,9.33,0,342,edgexci,2020-05-13T22:01:15.807488Z,70
docker-device-mqtt-go-arm64,1.1.1,arm64,linux,7.01,0,342,edgexci,2019-12-18T18:51:06.135626Z,217
docker-device-mqtt-go-arm64,1.1.0,arm64,linux,6.89,0,342,mightynerderic,2019-11-18T21:49:24.115522Z,247
docker-device-mqtt-go-arm64,1.0.0,arm64,linux,6.88,0,342,mightynerderic,2019-06-27T15:00:21.707008Z,391
docker-device-mqtt-go-arm64,0.7.1,arm64,linux,4.36,0,342,edgexci,2018-12-10T21:13:21.571641Z,590
docker-edgex-security-secretstore-setup-go-arm64,1.2.1,arm64,linux,15.73,0,283,edgexci,2020-06-15T20:28:45.979092Z,37
docker-edgex-security-secretstore-setup-go-arm64,1.2.0,arm64,linux,15.73,0,283,edgexci,2020-05-14T18:48:56.934851Z,69
docker-edgex-security-secretstore-setup-go-arm64,1.1.0,arm64,linux,9.27,0,283,mightynerderic,2019-11-18T22:20:30.121808Z,247
docker-edgex-security-proxy-setup-go-arm64,1.2.1,arm64,linux,7.61,0,280,edgexci,2020-06-15T20:28:21.627524Z,37
docker-edgex-security-proxy-setup-go-arm64,1.2.0,arm64,linux,7.64,0,280,edgexci,2020-05-14T18:48:26.904671Z,69
docker-edgex-security-proxy-setup-go-arm64,1.1.0,arm64,linux,9.22,0,280,mightynerderic,2019-11-18T22:06:26.743264Z,247
docker-device-bacnet,latest,amd64,linux,186.32,0,255,edgexci,2017-12-04T19:54:16.547659Z,961
docker-device-bacnet,0.5.0,amd64,linux,191.49,0,255,edgexci,2018-11-16T02:45:14.400301Z,614
docker-device-bacnet,0.6.0,amd64,linux,190.3,0,255,edgexci,2018-07-01T00:31:17.395866Z,752
docker-device-bacnet,0.2.1,amd64,linux,186.32,0,255,edgexci,2017-12-04T17:11:31.031865Z,961
docker-device-bacnet,0.2,amd64,linux,187.07,0,255,edgexci,2017-10-21T16:18:37.017411Z,1005
docker-device-bacnet,rc,amd64,linux,190.05,0,255,tylercox,2017-09-14T14:48:37.482476Z,1042
docker-edgex-secrets-setup-go-arm64,1.2.1,arm64,linux,11.6,0,249,edgexci,2020-06-15T20:27:43.03875Z,37
docker-edgex-secrets-setup-go-arm64,1.2.0,arm64,linux,11.65,0,249,edgexci,2020-05-14T18:48:09.5309Z,69
docker-device-rest-go-arm64,1.1.1,arm64,linux,8.9,0,240,edgexci,2020-06-15T20:24:56.145586Z,37
docker-device-rest-go-arm64,1.1.0,arm64,linux,8.91,0,240,edgexci,2020-05-13T22:01:08.049443Z,70
docker-device-rest-go-arm64,1.0.0,arm64,linux,10.03,0,240,bthuree,2020-02-21T02:53:09.865674Z,152
docker-device-snmp,latest,amd64,linux,103.37,0,230,edgexci,2017-12-04T19:52:10.886056Z,961
docker-device-snmp,0.6.0,amd64,linux,103.98,0,230,edgexci,2018-07-01T00:29:19.996506Z,752
docker-device-snmp,0.2.1,amd64,linux,103.37,0,230,edgexci,2017-12-04T16:41:08.67371Z,961
docker-device-snmp,0.2,amd64,linux,103.36,0,230,edgexci,2017-10-21T16:30:14.742372Z,1005
docker-device-snmp,rc,amd64,linux,103.84,0,230,tylercox,2017-09-14T14:49:40.08196Z,1042
docker-edgex-vault-worker-go-arm64,1.0.0,arm64,linux,7.25,1,126,mightynerderic,2019-06-27T14:58:28.384371Z,391
docker-edgex-vault-worker-go-arm64,0.2.0,arm64,linux,4.77,1,126,edgexci,2018-11-16T03:01:49.635412Z,614
docker-edgex-proxy-go-arm64,1.0.0,arm64,linux,7.22,1,124,mightynerderic,2019-06-27T14:58:49.038788Z,391
docker-edgex-proxy-go-arm64,0.2.0,arm64,linux,4.32,1,124,edgexci,2018-11-16T02:59:09.77638Z,614
docker-edgex-proxy-go-arm64,0.1.1,arm64,linux,4.0,1,124,edgexci,2018-09-26T16:09:57.399189Z,665
docker-edgex-vault-arm64,1.0.0,arm64,linux,36.91,1,123,mightynerderic,2019-06-27T14:58:07.505235Z,391
docker-edgex-vault-arm64,0.2.0,arm64,linux,23.07,1,123,edgexci,2018-11-16T03:00:57.331789Z,614
docker-device-fischertechnik,latest,amd64,linux,102.81,0,118,edgexci,2017-12-04T19:55:07.913789Z,961
docker-device-fischertechnik,0.6.0,amd64,linux,103.42,0,118,edgexci,2018-07-01T00:34:06.392862Z,752
docker-device-fischertechnik,0.2.1,amd64,linux,102.81,0,118,edgexci,2017-12-04T17:22:30.445162Z,961
docker-device-fischertechnik,0.2,amd64,linux,102.81,0,118,edgexci,2017-10-21T16:22:23.076999Z,1005
docker-device-fischertechnik,rc,amd64,linux,103.28,0,118,tylercox,2017-09-14T14:49:10.457383Z,1042
docker-edgex-security-vault,0.1.1,amd64,linux,23.48,1,110,edgexci,2018-09-26T16:40:12.345066Z,665
docker-edgex-security-vault,0.1.0,amd64,linux,23.48,1,110,edgexci,2018-07-01T00:37:08.728089Z,752
docker-device-mqtt-arm64,0.5.0,arm64,linux,102.41,1,106,edgexci,2018-11-16T02:54:57.600315Z,614
docker-edgex-security-vault-worker,0.1.1,amd64,linux,7.98,1,90,edgexci,2018-09-26T16:30:29.318955Z,665
docker-edgex-security-vault-worker,0.1.0,amd64,linux,7.66,1,90,edgexci,2018-07-01T00:37:19.364173Z,752
docker-edgex-secret-store-go-arm64,1.1.0,arm64,linux,47.33,0,66,mightynerderic,2019-11-18T22:07:36.531679Z,247
docker-device-camera-go,1.1.1,amd64,linux,8.47,0,65,edgexci,2020-06-15T20:24:32.877705Z,37
docker-device-camera-go,1.1.0,amd64,linux,8.49,0,65,edgexci,2020-05-14T13:43:20.406216Z,69
docker-device-camera-go,1.0.0,amd64,linux,10.92,0,65,mightynerderic,2019-11-19T17:31:10.433144Z,246
docker-device-bluetooth-arm64,0.5.0,arm64,linux,167.52,0,60,edgexci,2018-11-16T02:50:22.260342Z,614
docker-edgex-ui-clojure,1.1.0,amd64,linux,5.84,0,51,mightynerderic,2019-11-20T01:04:49.882287Z,245
docker-device-bacnet-arm64,0.5.0,arm64,linux,181.87,0,50,edgexci,2018-11-16T02:47:08.132363Z,614
docker-device-snmp-go-arm64,1.2.1,arm64,linux,7.8,0,46,edgexci,2020-06-15T20:24:52.900684Z,37
docker-device-snmp-go-arm64,1.2.0,arm64,linux,7.81,0,46,edgexci,2020-05-13T22:01:05.928222Z,70
docker-device-snmp-go-arm64,1.1.1,arm64,linux,6.67,0,46,edgexci,2019-12-18T18:53:00.695041Z,217
docker-device-snmp-go-arm64,1.1.0,arm64,linux,6.54,0,46,mightynerderic,2019-11-18T21:53:32.459236Z,247
docker-device-snmp-go-arm64,1.0.0,arm64,linux,6.54,0,46,mightynerderic,2019-06-27T16:57:28.690013Z,391
docker-device-modbus-arm64,0.5.0,arm64,linux,102.64,1,27,edgexci,2018-11-16T02:52:36.484081Z,614
docker-device-camera-go-arm64,1.1.1,arm64,linux,8.01,0,24,edgexci,2020-06-15T20:24:49.007978Z,37
docker-device-camera-go-arm64,1.1.0,arm64,linux,8.03,0,24,edgexci,2020-05-14T13:43:41.102913Z,69
docker-device-camera-go-arm64,1.0.0,arm64,linux,10.35,0,24,mightynerderic,2019-11-19T17:31:43.470369Z,246
edgex-ui-clojure,1.0.0,amd64,linux,5.77,0,21,edgexci,2019-07-02T20:49:21.798214Z,386
docker-device-bacnet-c,1.1.0,amd64,linux,7.23,0,21,mightynerderic,2020-01-07T22:37:54.683224Z,197
docker-device-bacnet-c,1.0.0,amd64,linux,7.32,0,21,mightynerderic,2020-01-07T22:33:55.384061Z,197
docker-edgex-ui-clojure-arm64,1.1.0,arm64,linux,5.54,0,13,mightynerderic,2019-11-20T01:05:16.905318Z,245
docker-device-bacnet-c-arm64,1.1.0,arm64,linux,7.1,0,9,mightynerderic,2020-01-07T22:47:55.073938Z,197
docker-device-bacnet-c-arm64,1.0.0,arm64,linux,7.18,0,9,mightynerderic,2020-01-07T22:34:52.661269Z,197
